{"chunk_definitions":[{"row":36,"row_count":1,"visible":true,"expansion_state":0,"options":{},"document_id":"5D273CD1","chunk_id":"ccg9ga06oyuk3","chunk_label":"unnamed-chunk-1"},{"row":46,"row_count":1,"visible":true,"expansion_state":0,"options":{},"document_id":"5D273CD1","chunk_id":"cz3fibp6202uj","chunk_label":"unnamed-chunk-2"},{"row":79,"row_count":1,"visible":true,"expansion_state":0,"options":{},"document_id":"5D273CD1","chunk_id":"cs94lp3yq3n08","chunk_label":"unnamed-chunk-3"},{"row":122,"row_count":1,"visible":true,"expansion_state":0,"options":{},"document_id":"5D273CD1","chunk_id":"cv7ow8wkifi6k","chunk_label":"unnamed-chunk-4"}],"doc_write_time":1731422433}