"0","clean_df <- articles_df %>%"
"0","  mutate(text = str_squish(sentence)) %>% #gets rid of leading and trailing spaces + double spaces"
"0","  mutate(text = tolower(text)) %>%"
"0","  mutate(text = str_replace(text, ""startofarticle"", """")) %>%"
"0","  mutate(text = gsub(""issn:\\s+\\S+"", """", text)) %>%"
"0","  mutate(text = str_replace_all(text, c("
"0","    ""copyright"" = """","
"0","    ""database: proquest central"" = """","
"0","    ""language of publication: english"" = """","
"0","    ""document url:\\s+\\S+"" = """","
"0","    ""proquest document id:\\s+\\S+"" = """","
"0","    ""publication subject:\\s+\\S+"" = """","
"0","    ""publication date:\\s+\\S+"" = """","
"0","    ""publication-type:\\s+\\S+"" = """","
"0","    ""pages:\\s+\\S+"" = """","
"0","    ""publication info"" = """","
"0","    ""last updated:\\s+\\S+"" = """","
"0","    ""interest periodicals--united states"" = """","
"0","    ""all rights resesrved"" = """","
"0","    ""load-date"" = """","
"0","    ""all rights reserved"" = """", "
"0","    ""https://en.wikipedia.org/wiki"" = """","
"0","    ""https://www.alt-m.org/"" = """", "
"0","    ""new york times"" = """","
"0","    ""states news service"" = """","
"0","    ""language: english"" = """""
"0","  ))) "
"0",""
"0","#Tokenize the data"
"0","bitoken_clean_df <- clean_df %>%"
"0","  unnest_tokens(bigram, text, token=""ngrams"", n=2)"
"0",""
"0","bigrams_separated <- bitoken_clean_df %>%"
"0","  separate(bigram, c(""word1"", ""word2""), sep = "" "")"
"0",""
"0","#remove stop words and "
"0","data(stop_words)"
"0","bigrams_separated <- bigrams_separated %>%"
"0","  filter(!word1 %in% stop_words$word) %>%"
"0","  filter(!word2 %in% stop_words$word) %>%"
"0","  filter(word1  != ""https"") %>%"
"0","  filter(word2  != ""https"") %>%"
"0","  filter(!grepl('[0-9]',word1)) %>%"
"0","  filter(!grepl('[0-9]',word2)) "
