{"chunk_definitions":[{"row":36,"row_count":1,"visible":true,"expansion_state":0,"options":{"engine":"r","label":"unnamed-chunk-29","dev":"png"},"document_id":"5D273CD1","chunk_id":"c66pgw8ihdpfw","chunk_label":"unnamed-chunk-1"},{"row":46,"row_count":1,"visible":true,"expansion_state":0,"options":{"engine":"r","label":"unnamed-chunk-30","dev":"png"},"document_id":"5D273CD1","chunk_id":"c90ha3mm1x124","chunk_label":"unnamed-chunk-2"},{"row":79,"row_count":1,"visible":true,"expansion_state":0,"options":{"engine":"r","label":"unnamed-chunk-31","dev":"png"},"document_id":"5D273CD1","chunk_id":"ckehlf25x77gw","chunk_label":"unnamed-chunk-3"},{"row":122,"row_count":1,"visible":true,"expansion_state":0,"options":{"engine":"r","label":"unnamed-chunk-32","dev":"png"},"document_id":"5D273CD1","chunk_id":"cxfsot9wpep9m","chunk_label":"unnamed-chunk-4"},{"row":178,"row_count":1,"visible":true,"expansion_state":0,"options":{"engine":"r","label":"unnamed-chunk-33","dev":"png"},"document_id":"5D273CD1","chunk_id":"cs76csr74n440","chunk_label":"unnamed-chunk-5"},{"row":227,"row_count":1,"visible":true,"expansion_state":0,"options":{"engine":"r","label":"unnamed-chunk-34","dev":"png"},"document_id":"5D273CD1","chunk_id":"cdo18y4kqkvty","chunk_label":"unnamed-chunk-6"},{"row":242,"row_count":1,"visible":true,"expansion_state":0,"options":{"engine":"r","label":"unnamed-chunk-35","dev":"png"},"document_id":"5D273CD1","chunk_id":"cis2lc32b2eds","chunk_label":"unnamed-chunk-7"},{"row":256,"row_count":1,"visible":true,"expansion_state":0,"options":{"engine":"r","label":"unnamed-chunk-36","dev":"png"},"document_id":"5D273CD1","chunk_id":"chkil6rh4697c","chunk_label":"unnamed-chunk-8"},{"row":274,"row_count":1,"visible":true,"expansion_state":0,"options":{"engine":"r","label":"unnamed-chunk-37","dev":"png"},"document_id":"5D273CD1","chunk_id":"c3oobkt20hrbk","chunk_label":"unnamed-chunk-9"}],"doc_write_time":1731428202}